-- Copyright (C) 2022 - present Juergen Zimmermann, Hochschule Karlsruhe
--
-- This program is free software: you can redistribute it and/or modify
-- it under the terms of the GNU General Public License as published by
-- the Free Software Foundation, either version 3 of the License, or
-- (at your option) any later version.
--
-- This program is distributed in the hope that it will be useful,
-- but WITHOUT ANY WARRANTY; without even the implied warranty of
-- MERCHANTABILITY or FITNESS FOR A PARTICULAR PURPOSE.  See the
-- GNU General Public License for more details.
--
-- You should have received a copy of the GNU General Public License
-- along with this program.  If not, see <https://www.gnu.org/licenses/>.

-- -------------------------------------------------------------------
-- Beispiel-Daten für das Flug-Projekt
-- -------------------------------------------------------------------
-- docker compose exec postgres bash
-- psql --dbname=flug --username=flug [--file=/sql/V1.2__insert.sql]

SET search_path TO flug;

INSERT INTO flugzeug (id,hersteller,modell, sitzplaetze, reichweite_km, version, erzeugt, aktualisiert)
VALUES
    ('20000000-0000-0000-0000-000000000000','Airbus','A320',180,6100,0,CURRENT_TIMESTAMP, CURRENT_TIMESTAMP),
    ('20000000-0000-0000-0000-000000000001','Boeing','747',580,13450,0,CURRENT_TIMESTAMP,CURRENT_TIMESTAMP),
    ('20000000-0000-0000-0000-000000000002','Boeing','737',230,6500,0,CURRENT_TIMESTAMP,CURRENT_TIMESTAMP),
    ('20000000-0000-0000-0000-000000000003','Airbus','A380',800,15200,0,CURRENT_TIMESTAMP,CURRENT_TIMESTAMP),
    ('20000000-0000-0000-0000-000000000004','Boeing','747',250,13450,0,CURRENT_TIMESTAMP,CURRENT_TIMESTAMP),
    ('20000000-0000-0000-0000-000000000005','Boeing','777',300,9700,0,CURRENT_TIMESTAMP,CURRENT_TIMESTAMP),
    ('20000000-0000-0000-0000-000000000006','Airbus','A320',180,6100,0,CURRENT_TIMESTAMP,CURRENT_TIMESTAMP),
    ('20000000-0000-0000-0000-000000000007','Airbus','A380',800,15200,0,CURRENT_TIMESTAMP,CURRENT_TIMESTAMP),
    ('20000000-0000-0000-0000-000000000008','Airbus','A330',260,10000,0,CURRENT_TIMESTAMP,CURRENT_TIMESTAMP),
    ('20000000-0000-0000-0000-000000000009','Airbus','A340',300,12500,0,CURRENT_TIMESTAMP,CURRENT_TIMESTAMP);

INSERT INTO flug (id, version, typ, start_ort, ziel_ort, abflug_zeit, ankunft_zeit, username, flugzeug_id, erzeugt, aktualisiert)
VALUES
    ('00000000-0000-0000-0000-000000000000',0, 'LINIENFLUG','Berlin','Istanbul','2026-02-01 04:25:00','2026-02-01 06:25:00', 'user','20000000-0000-0000-0000-000000000000',CURRENT_TIMESTAMP,CURRENT_TIMESTAMP),
    ('00000000-0000-0000-0000-000000000001',0,'LINIENFLUG','Frankfurt','New-York','2026-02-11 13:45:00','2026-02-11 20:45:00','user','20000000-0000-0000-0000-000000000007',CURRENT_TIMESTAMP,CURRENT_TIMESTAMP),
    ('00000000-0000-0000-0000-000000000010',0,'LINIENFLUG','Istanbul','Dubai','2026-02-21 19:30:00','2026-02-21 21:30:00','user','20000000-0000-0000-0000-000000000009',CURRENT_TIMESTAMP,CURRENT_TIMESTAMP),
    ('00000000-0000-0000-0000-000000000020',0,'LINIENFLUG','Dubai','Stuttgart','2026-04-15 12:10:00','2026-04-15 14:10:00','user','20000000-0000-0000-0000-000000000004',CURRENT_TIMESTAMP,CURRENT_TIMESTAMP),
    ('00000000-0000-0000-0000-000000000030',0,'LINIENFLUG','Ankara','London','2026-03-01 08:50:00','2026-03-01 11:50:00','user','20000000-0000-0000-0000-000000000002',CURRENT_TIMESTAMP,CURRENT_TIMESTAMP);

INSERT INTO passagier (id, vorname, nachname, geburtsdatum, sitzplatz, flug_id, version, erzeugt, aktualisiert)
VALUES
    ('10000000-0000-0000-0000-000000000001','Efe','Yueksel','2003-08-01','12A','00000000-0000-0000-0000-000000000000',0,CURRENT_TIMESTAMP,CURRENT_TIMESTAMP),
    ('10000000-0000-0000-0000-000000000002','Esma','Yueksel','2006-06-08','12B','00000000-0000-0000-0000-000000000000',0,CURRENT_TIMESTAMP,CURRENT_TIMESTAMP),
    ('10000000-0000-0000-0000-000000000003','Tom','Müller','1998-04-12','12A','00000000-0000-0000-0000-000000000000',0,CURRENT_TIMESTAMP,CURRENT_TIMESTAMP),
    ('10000000-0000-0000-0000-000000000004','Lucy','Raum','1990-04-12','12A','00000000-0000-0000-0000-000000000000',0,CURRENT_TIMESTAMP,CURRENT_TIMESTAMP),
    ('10000000-0000-0000-0000-000000000005','Bernd','Brot','1982-04-12','12A','00000000-0000-0000-0000-000000000001',0,CURRENT_TIMESTAMP,CURRENT_TIMESTAMP),
    ('10000000-0000-0000-0000-000000000006','Eduard','Camavinga','1998-04-12','12A','00000000-0000-0000-0000-000000000001',0,CURRENT_TIMESTAMP,CURRENT_TIMESTAMP),
    ('10000000-0000-0000-0000-000000000007','Jürgen','Späth','1999-07-08','12A','00000000-0000-0000-0000-000000000001',0,CURRENT_TIMESTAMP,CURRENT_TIMESTAMP),
    ('10000000-0000-0000-0000-000000000008','Michael','Jacobs','1988-05-21','12A','00000000-0000-0000-0000-000000000001',0,CURRENT_TIMESTAMP,CURRENT_TIMESTAMP),
    ('10000000-0000-0000-0000-000000000009','Burcin','Yueksel','1997-01-02','13D','00000000-0000-0000-0000-000000000010',0,CURRENT_TIMESTAMP,CURRENT_TIMESTAMP),
    ('10000000-0000-0000-0000-000000000010','Mustafa','Yueksel','1969-12-01','13F','00000000-0000-0000-0000-000000000010',0,CURRENT_TIMESTAMP,CURRENT_TIMESTAMP),
    ('10000000-0000-0000-0000-000000000011','Zeynep','Yueksel','1998-03-15','13E','00000000-0000-0000-0000-000000000010',0,CURRENT_TIMESTAMP,CURRENT_TIMESTAMP),
    ('10000000-0000-0000-0000-000000000012','Mihra_Dua','Bayram','2025-10-08','12A','00000000-0000-0000-0000-000000000020',0,CURRENT_TIMESTAMP,CURRENT_TIMESTAMP),
    ('10000000-0000-0000-0000-000000000013','Aylin','Bayram','1992-09-08','12B','00000000-0000-0000-0000-000000000030',0,CURRENT_TIMESTAMP,CURRENT_TIMESTAMP),
    ('10000000-0000-0000-0000-000000000014','Halil','Bayram','1995-03-31','12C','00000000-0000-0000-0000-000000000030',0,CURRENT_TIMESTAMP,CURRENT_TIMESTAMP);
